<?xml version="1.0" encoding="UTF-8" ?>
<!DOCTYPE mapper
        PUBLIC "-//mybatis.org//DTD Mapper 3.0//EN"
        "http://mybatis.org/dtd/mybatis-3-mapper.dtd">
<mapper namespace="cn.jiyun.day09.dao.StudentDao">

    <resultMap id="StudentMap" type="student">
        <id property="stuId" column="stuId"></id>
        <result property="stuName" column="stuName"></result>
        <result property="stuAge" column="stuAge"></result>
        <result property="stuOrigin" column="stuOrigin"></result>
        <result property="stuAddress" column="stuAddress"></result>
        <result property="stuPhone" column="stuPhone"></result>
        <association property="classs" javaType="classs">
            <id property="claId" column="claId"></id>
            <result property="claName" column="claName"></result>
            <result property="claAddress" column="claAddress"></result>
        </association>
    </resultMap>
    <select id="findAll" resultMap="StudentMap">
        select
            stuid, stuname, stuage, stuorigin, stuaddress, stuphone, studentid, classsid, claid, claname, claaddress
        from
         student s,student_classs sc,classs c
        where
         s.stuId=sc.studentId
        and
            sc.classsId = c.claId
    </select>
    <select id="selectStuIdByStuName" resultType="java.lang.Integer" >
        select
            stuId
        from student
        where stuName = #{stuName}
    </select>
    <insert id="addStudent" useGeneratedKeys="true" keyProperty="stuId">
        insert into student values (#{stuId},#{stuName},#{stuAge},#{stuOrigin},#{stuAddress},#{stuPhone})
    </insert>
    <insert id="addStudentClasss">
        insert into student_classs values (#{a},#{b})
    </insert>
    <update id="editStudent">
        update student set stuName=#{stuName},stuAge=#{stuAge},stuOrigin=#{stuOrigin},stuAddress=#{stuAddress},stuPhone=#{stuPhone}
        where stuId = #{stuId}
    </update>
    <delete id="deleteStudentClasss">
        delete from student_classs where studentId = #{value}
    </delete>
    <delete id="deleteStudent">
        delete from student where stuId = #{value}
    </delete>
</mapper>